country,date,cases,deaths,active,recovered
Australia,2020-01-22,0,0,0,0
Australia,2020-01-23,0,0,0,0
Australia,2020-01-24,0,0,0,0
Australia,2020-01-25,0,0,0,0
Australia,2020-01-26,4,0,4,0
Australia,2020-01-27,5,0,5,0
Australia,2020-01-28,5,0,5,0
Australia,2020-01-29,6,0,6,0
Australia,2020-01-30,9,0,7,2
Australia,2020-01-31,9,0,7,2
Australia,2020-02-01,12,0,10,2
Australia,2020-02-02,12,0,10,2
Australia,2020-02-03,12,0,10,2
Australia,2020-02-04,13,0,11,2
Australia,2020-02-05,13,0,11,2
Australia,2020-02-06,14,0,12,2
Australia,2020-02-07,15,0,13,2
Australia,2020-02-08,15,0,13,2
Australia,2020-02-09,15,0,13,2
Australia,2020-02-10,15,0,13,2
Australia,2020-02-11,15,0,13,2
Australia,2020-02-12,15,0,13,2
Australia,2020-02-13,15,0,7,8
Australia,2020-02-14,15,0,7,8
Australia,2020-02-15,15,0,7,8
Australia,2020-02-16,15,0,7,8
Australia,2020-02-17,15,0,5,10
Australia,2020-02-18,15,0,5,10
Australia,2020-02-19,15,0,5,10
Australia,2020-02-20,15,0,5,10
Australia,2020-02-21,15,0,4,11
Australia,2020-02-22,15,0,4,11
Australia,2020-02-23,15,0,4,11
Australia,2020-02-24,15,0,4,11
Australia,2020-02-25,15,0,4,11
Australia,2020-02-26,15,0,4,11
Australia,2020-02-27,15,0,4,11
Australia,2020-02-28,15,0,4,11
Australia,2020-02-29,25,0,14,11
Australia,2020-03-01,27,1,15,11
Australia,2020-03-02,30,1,18,11
Australia,2020-03-03,39,1,27,11
Australia,2020-03-04,52,2,39,11
Australia,2020-03-05,55,2,32,21
Australia,2020-03-06,60,2,37,21
Australia,2020-03-07,63,2,40,21
Australia,2020-03-08,76,3,52,21
Australia,2020-03-09,91,3,67,21
Australia,2020-03-10,107,3,83,21
Australia,2020-03-11,128,3,104,21
Australia,2020-03-12,128,3,104,21
Australia,2020-03-13,200,3,174,23
Australia,2020-03-14,250,3,224,23
Australia,2020-03-15,297,3,271,23
Australia,2020-03-16,377,3,351,23
Australia,2020-03-17,452,5,424,23
Australia,2020-03-18,568,6,539,23
Australia,2020-03-19,681,6,649,26
Australia,2020-03-20,791,7,758,26
Australia,2020-03-21,1071,7,1038,26
Australia,2020-03-22,1549,7,1454,88
Australia,2020-03-23,1682,7,1587,88
Australia,2020-03-24,2044,8,1921,115
Australia,2020-03-25,2364,8,2237,119
Australia,2020-03-26,2810,13,2625,172
Australia,2020-03-27,3143,13,2936,194
Australia,2020-03-28,3640,14,3382,244
Australia,2020-03-29,3984,16,3724,244
Australia,2020-03-30,4361,17,4087,257
Australia,2020-03-31,4559,18,4183,358
Australia,2020-04-01,4862,20,4420,422
Australia,2020-04-02,5116,24,4572,520
Australia,2020-04-03,5330,28,4653,649
Australia,2020-04-04,5550,30,4819,701
Australia,2020-04-05,5687,35,4895,757
Australia,2020-04-06,5797,40,4677,1080
Australia,2020-04-07,5895,45,4770,1080
Australia,2020-04-08,6010,50,4880,1080
Australia,2020-04-09,6108,51,4585,1472
Australia,2020-04-10,6215,54,4368,1793
Australia,2020-04-11,6303,57,4440,1806
Australia,2020-04-12,6315,60,4449,1806
Australia,2020-04-13,6351,61,4484,1806
Australia,2020-04-14,6415,62,4167,2186
Australia,2020-04-15,6440,63,4191,2186
Australia,2020-04-16,6462,63,4044,2355
Australia,2020-04-17,6522,66,2648,3808
Australia,2020-04-18,6568,67,2377,4124
Australia,2020-04-19,6610,67,2419,4124
Australia,2020-04-20,6623,67,2265,4291
Australia,2020-04-21,6645,67,1883,4695
Australia,2020-04-22,6652,67,1653,4932
Australia,2020-04-23,6662,75,1540,5047
Australia,2020-04-24,6677,79,1462,5136
Australia,2020-04-25,6694,80,1238,5376
Australia,2020-04-26,6714,83,1090,5541
Australia,2020-04-27,6721,83,1050,5588
Australia,2020-04-28,6744,89,990,5665
Australia,2020-04-29,6752,91,946,5715
Australia,2020-04-30,6766,93,931,5742
Australia,2020-05-01,6778,93,910,5775
Australia,2020-05-02,6799,94,891,5814
Australia,2020-05-03,6822,95,878,5849
Australia,2020-05-04,6847,96,864,5887
Australia,2020-05-05,6875,97,803,5975
Australia,2020-05-06,6894,97,766,6031
Australia,2020-05-07,6913,97,738,6078
Australia,2020-05-08,6918,97,699,6122
Australia,2020-05-09,6939,97,701,6141
Australia,2020-05-10,6948,97,684,6167
Australia,2020-05-11,6970,97,660,6213
Australia,2020-05-12,6980,98,612,6270
Australia,2020-05-13,6989,98,594,6297
Australia,2020-05-14,7019,98,587,6334
Australia,2020-05-15,7035,98,578,6359
Australia,2020-05-16,7044,98,582,6364
Australia,2020-05-17,7054,99,563,6392
Australia,2020-05-18,7068,99,556,6413
Australia,2020-05-19,7072,100,541,6431
Australia,2020-05-20,7081,100,511,6470
Australia,2020-05-21,7095,101,516,6478
Australia,2020-05-22,7099,101,513,6485
Australia,2020-05-23,7114,102,504,6508
Australia,2020-05-24,7114,102,481,6531
Australia,2020-05-25,7126,102,472,6552
Australia,2020-05-26,7139,103,476,6560
Australia,2020-05-27,7150,103,468,6579
Australia,2020-05-28,7165,103,486,6576
Australia,2020-05-29,7184,103,476,6605
Australia,2020-05-30,7192,103,475,6614
Australia,2020-05-31,7202,103,481,6618
Australia,2020-06-01,7221,102,493,6626
Australia,2020-06-02,7229,102,491,6636
Australia,2020-06-03,7240,102,490,6648
Australia,2020-06-04,7247,102,462,6683
Australia,2020-06-05,7252,102,462,6688
Australia,2020-06-06,7259,102,454,6703
Australia,2020-06-07,7265,102,457,6706
Australia,2020-06-08,7267,102,445,6720
Australia,2020-06-09,7274,102,432,6740
Australia,2020-06-10,7285,102,424,6759
Australia,2020-06-11,7289,102,405,6782
Australia,2020-06-12,7294,102,389,6803
Australia,2020-06-13,7320,102,380,6838
Australia,2020-06-14,7335,102,382,6851
Australia,2020-06-15,7347,102,389,6856
Australia,2020-06-16,7370,102,407,6861
Australia,2020-06-17,7391,102,412,6877
Australia,2020-06-18,7409,102,429,6878
Australia,2020-06-19,7411,102,428,6881
Australia,2020-06-20,7461,102,463,6896
Australia,2020-06-21,7474,102,469,6903
Australia,2020-06-22,7492,102,475,6915
Australia,2020-06-23,7521,103,494,6924
Australia,2020-06-24,7558,104,523,6931
Australia,2020-06-25,7595,104,533,6958
Australia,2020-06-26,7601,104,537,6960
Australia,2020-06-27,7686,104,589,6993
Australia,2020-06-28,7764,104,653,7007
Australia,2020-06-29,7834,104,693,7037
Australia,2020-06-30,7920,104,776,7040
Australia,2020-07-01,8001,104,807,7090
Australia,2020-07-02,8066,104,832,7130
Australia,2020-07-03,8260,104,837,7319
Australia,2020-07-04,8443,104,940,7399
Australia,2020-07-05,8583,106,1057,7420
Australia,2020-07-06,8755,106,1194,7455
Australia,2020-07-07,8886,106,1293,7487
Australia,2020-07-08,9056,106,1377,7573
Australia,2020-07-09,9374,106,1692,7576
Australia,2020-07-10,9553,107,1713,7733
Australia,2020-07-11,9797,108,1962,7727
Australia,2020-07-12,9980,108,2103,7769
Canada,2020-01-22,0,0,NA,NA
Canada,2020-01-23,0,0,NA,NA
Canada,2020-01-24,0,0,NA,NA
Canada,2020-01-25,0,0,NA,NA
Canada,2020-01-26,1,0,NA,NA
Canada,2020-01-27,1,0,NA,NA
Canada,2020-01-28,2,0,NA,NA
Canada,2020-01-29,2,0,NA,NA
Canada,2020-01-30,2,0,NA,NA
Canada,2020-01-31,4,0,NA,NA
Canada,2020-02-01,4,0,NA,NA
Canada,2020-02-02,4,0,NA,NA
Canada,2020-02-03,4,0,NA,NA
Canada,2020-02-04,4,0,NA,NA
Canada,2020-02-05,5,0,NA,NA
Canada,2020-02-06,5,0,NA,NA
Canada,2020-02-07,7,0,NA,NA
Canada,2020-02-08,7,0,NA,NA
Canada,2020-02-09,7,0,NA,NA
Canada,2020-02-10,7,0,NA,NA
Canada,2020-02-11,7,0,NA,NA
Canada,2020-02-12,7,0,NA,NA
Canada,2020-02-13,7,0,NA,NA
Canada,2020-02-14,7,0,NA,NA
Canada,2020-02-15,7,0,NA,NA
Canada,2020-02-16,7,0,NA,NA
Canada,2020-02-17,8,0,NA,NA
Canada,2020-02-18,8,0,NA,NA
Canada,2020-02-19,8,0,NA,NA
Canada,2020-02-20,8,0,NA,NA
Canada,2020-02-21,9,0,NA,NA
Canada,2020-02-22,9,0,NA,NA
Canada,2020-02-23,9,0,NA,NA
Canada,2020-02-24,10,0,NA,NA
Canada,2020-02-25,11,0,NA,NA
Canada,2020-02-26,11,0,NA,NA
Canada,2020-02-27,13,0,NA,NA
Canada,2020-02-28,14,0,NA,NA
Canada,2020-02-29,20,0,NA,NA
Canada,2020-03-01,24,0,NA,NA
Canada,2020-03-02,27,0,NA,NA
Canada,2020-03-03,30,0,NA,NA
Canada,2020-03-04,33,0,NA,NA
Canada,2020-03-05,37,0,NA,NA
Canada,2020-03-06,49,0,NA,NA
Canada,2020-03-07,54,0,NA,NA
Canada,2020-03-08,64,0,NA,NA
Canada,2020-03-09,77,1,NA,NA
Canada,2020-03-10,79,1,NA,NA
Canada,2020-03-11,108,1,NA,NA
Canada,2020-03-12,117,1,NA,NA
Canada,2020-03-13,193,1,NA,NA
Canada,2020-03-14,198,1,NA,NA
Canada,2020-03-15,252,1,NA,NA
Canada,2020-03-16,415,4,NA,NA
Canada,2020-03-17,478,5,NA,NA
Canada,2020-03-18,657,8,NA,NA
Canada,2020-03-19,800,9,NA,NA
Canada,2020-03-20,943,12,NA,NA
Canada,2020-03-21,1277,19,NA,NA
Canada,2020-03-22,1469,21,NA,NA
Canada,2020-03-23,2088,25,NA,NA
Canada,2020-03-24,2790,26,NA,NA
Canada,2020-03-25,3251,30,NA,NA
Canada,2020-03-26,4042,38,NA,NA
Canada,2020-03-27,4682,54,NA,NA
Canada,2020-03-28,5576,61,NA,NA
Canada,2020-03-29,6280,64,NA,NA
Canada,2020-03-30,7398,80,NA,NA
Canada,2020-03-31,8527,101,NA,NA
Canada,2020-04-01,9560,109,NA,NA
Canada,2020-04-02,11284,139,NA,NA
Canada,2020-04-03,12437,179,NA,NA
Canada,2020-04-04,12978,218,NA,NA
Canada,2020-04-05,15756,259,NA,NA
Canada,2020-04-06,16563,339,NA,NA
Canada,2020-04-07,17872,375,NA,NA
Canada,2020-04-08,19141,407,NA,NA
Canada,2020-04-09,20654,503,NA,NA
Canada,2020-04-10,22059,557,NA,NA
Canada,2020-04-11,23316,654,NA,NA
Canada,2020-04-12,24299,714,NA,NA
Canada,2020-04-13,25680,781,NA,NA
Canada,2020-04-14,27035,901,NA,NA
Canada,2020-04-15,28209,1008,NA,NA
Canada,2020-04-16,30809,1259,NA,NA
Canada,2020-04-17,32814,1356,NA,NA
Canada,2020-04-18,34356,1401,NA,NA
Canada,2020-04-19,35633,1565,NA,NA
Canada,2020-04-20,37658,1727,NA,NA
Canada,2020-04-21,39402,1910,NA,NA
Canada,2020-04-22,41663,2078,NA,NA
Canada,2020-04-23,43299,2241,NA,NA
Canada,2020-04-24,44919,2402,NA,NA
Canada,2020-04-25,46371,2571,NA,NA
Canada,2020-04-26,48033,2687,NA,NA
Canada,2020-04-27,49616,2841,NA,NA
Canada,2020-04-28,51150,2983,NA,NA
Canada,2020-04-29,52865,3155,NA,NA
Canada,2020-04-30,54457,3310,NA,NA
Canada,2020-05-01,56343,3537,NA,NA
Canada,2020-05-02,57926,3684,NA,NA
Canada,2020-05-03,60504,3795,NA,NA
Canada,2020-05-04,61957,4003,NA,NA
Canada,2020-05-05,63215,4190,NA,NA
Canada,2020-05-06,64694,4366,NA,NA
Canada,2020-05-07,66201,4541,NA,NA
Canada,2020-05-08,67674,4697,NA,NA
Canada,2020-05-09,68918,4823,NA,NA
Canada,2020-05-10,70091,4991,NA,NA
Canada,2020-05-11,71264,5115,NA,NA
Canada,2020-05-12,72419,5300,NA,NA
Canada,2020-05-13,73568,5425,NA,NA
Canada,2020-05-14,74781,5592,NA,NA
Canada,2020-05-15,75959,5679,NA,NA
Canada,2020-05-16,77206,5800,NA,NA
Canada,2020-05-17,78332,5903,NA,NA
Canada,2020-05-18,79411,5960,NA,NA
Canada,2020-05-19,80493,6028,NA,NA
Canada,2020-05-20,81575,6150,NA,NA
Canada,2020-05-21,82742,6267,NA,NA
Canada,2020-05-22,83947,6360,NA,NA
Canada,2020-05-23,85151,6466,NA,NA
Canada,2020-05-24,86106,6534,NA,NA
Canada,2020-05-25,87119,6655,NA,NA
Canada,2020-05-26,88090,6753,NA,NA
Canada,2020-05-27,88989,6876,NA,NA
Canada,2020-05-28,89976,6982,NA,NA
Canada,2020-05-29,90909,7063,NA,NA
Canada,2020-05-30,91681,7159,NA,NA
Canada,2020-05-31,92479,7374,NA,NA
Canada,2020-06-01,93288,7404,NA,NA
Canada,2020-06-02,93960,7478,NA,NA
Canada,2020-06-03,94641,7579,NA,NA
Canada,2020-06-04,95269,7717,NA,NA
Canada,2020-06-05,95947,7778,NA,NA
Canada,2020-06-06,96475,7850,NA,NA
Canada,2020-06-07,97178,7877,NA,NA
Canada,2020-06-08,97779,7910,NA,NA
Canada,2020-06-09,98241,7970,NA,NA
Canada,2020-06-10,98720,8038,NA,NA
Canada,2020-06-11,99159,8071,NA,NA
Canada,2020-06-12,99595,8125,NA,NA
Canada,2020-06-13,100043,8183,NA,NA
Canada,2020-06-14,100404,8218,NA,NA
Canada,2020-06-15,100763,8228,NA,NA
Canada,2020-06-16,101087,8271,NA,NA
Canada,2020-06-17,101491,8312,NA,NA
Canada,2020-06-18,101877,8361,NA,NA
Canada,2020-06-19,102314,8408,NA,NA
Canada,2020-06-20,102762,8466,NA,NA
Canada,2020-06-21,103078,8482,NA,NA
Canada,2020-06-22,103418,8494,NA,NA
Canada,2020-06-23,103767,8512,NA,NA
Canada,2020-06-24,104087,8544,NA,NA
Canada,2020-06-25,104463,8567,NA,NA
Canada,2020-06-26,104629,8571,NA,NA
Canada,2020-06-27,104878,8576,NA,NA
Canada,2020-06-28,105193,8582,NA,NA
Canada,2020-06-29,105830,8628,NA,NA
Canada,2020-06-30,106097,8650,NA,NA
Canada,2020-07-01,106288,8678,NA,NA
Canada,2020-07-02,106643,8700,NA,NA
Canada,2020-07-03,106962,8722,NA,NA
Canada,2020-07-04,107185,8732,NA,NA
Canada,2020-07-05,107394,8739,NA,NA
Canada,2020-07-06,107815,8748,NA,NA
Canada,2020-07-07,108023,8765,NA,NA
Canada,2020-07-08,108334,8786,NA,NA
Canada,2020-07-09,108656,8797,NA,NA
Canada,2020-07-10,108984,8811,NA,NA
Canada,2020-07-11,109150,8818,NA,NA
Canada,2020-07-12,109348,8829,NA,NA
China,2020-01-22,548,17,503,28
China,2020-01-23,643,18,595,30
China,2020-01-24,920,26,858,36
China,2020-01-25,1406,42,1325,39
China,2020-01-26,2075,56,1970,49
China,2020-01-27,2877,82,2737,58
China,2020-01-28,5509,131,5277,101
China,2020-01-29,6087,133,5834,120
China,2020-01-30,8141,171,7835,135
China,2020-01-31,9802,213,9375,214
China,2020-02-01,11891,259,11357,275
China,2020-02-02,16630,361,15806,463
China,2020-02-03,19716,425,18677,614
China,2020-02-04,23707,491,22373,843
China,2020-02-05,27440,563,25762,1115
China,2020-02-06,30587,633,28477,1477
China,2020-02-07,34110,718,31393,1999
China,2020-02-08,36814,805,33413,2596
China,2020-02-09,39829,905,35705,3219
China,2020-02-10,42354,1012,37424,3918
China,2020-02-11,44386,1112,38638,4636
China,2020-02-12,44759,1117,38560,5082
China,2020-02-13,59895,1369,52309,6217
China,2020-02-14,66358,1521,56860,7977
China,2020-02-15,68413,1663,57452,9298
China,2020-02-16,70513,1766,57992,10755
China,2020-02-17,72434,1864,58108,12462
China,2020-02-18,74211,2003,58002,14206
China,2020-02-19,74619,2116,56541,15962
China,2020-02-20,75077,2238,54825,18014
China,2020-02-21,75550,2238,54608,18704
China,2020-02-22,77001,2443,51859,22699
China,2020-02-23,77022,2445,51390,23187
China,2020-02-24,77241,2595,49631,25015
China,2020-02-25,77754,2665,47413,27676
China,2020-02-26,78166,2717,45365,30084
China,2020-02-27,78600,2746,42924,32930
China,2020-02-28,78928,2790,39809,36329
China,2020-02-29,79356,2837,37199,39320
China,2020-03-01,79932,2872,34898,42162
China,2020-03-02,80136,2914,32368,44854
China,2020-03-03,80261,2947,29864,47450
China,2020-03-04,80386,2983,27402,50001
China,2020-03-05,80537,3015,25230,52292
China,2020-03-06,80690,3044,23702,53944
China,2020-03-07,80770,3072,22159,55539
China,2020-03-08,80823,3100,20335,57388
China,2020-03-09,80860,3123,18933,58804
China,2020-03-10,80887,3139,17567,60181
China,2020-03-11,80921,3161,16116,61644
China,2020-03-12,80932,3172,14859,62901
China,2020-03-13,80945,3180,13569,64196
China,2020-03-14,80977,3193,12124,65660
China,2020-03-15,81003,3203,10783,67017
China,2020-03-16,81033,3217,9906,67910
China,2020-03-17,81058,3230,9030,68798
China,2020-03-18,81102,3241,8106,69755
China,2020-03-19,81156,3249,7372,70535
China,2020-03-20,81250,3253,6731,71266
China,2020-03-21,81305,3259,6189,71857
China,2020-03-22,81435,3274,5799,72362
China,2020-03-23,81498,3274,5410,72814
China,2020-03-24,81591,3281,5030,73280
China,2020-03-25,81661,3285,4603,73773
China,2020-03-26,81782,3291,4310,74181
China,2020-03-27,81897,3296,3881,74720
China,2020-03-28,81999,3299,3600,75100
China,2020-03-29,82122,3304,3236,75582
China,2020-03-30,82198,3308,2967,75923
China,2020-03-31,82279,3309,2764,76206
China,2020-04-01,82361,3316,2640,76405
China,2020-04-02,82432,3322,2545,76565
China,2020-04-03,82511,3326,2425,76760
China,2020-04-04,82543,3330,2267,76946
China,2020-04-05,82602,3333,2062,77207
China,2020-04-06,82665,3335,2020,77310
China,2020-04-07,82718,3335,1973,77410
China,2020-04-08,82809,3337,1905,77567
China,2020-04-09,82883,3339,1865,77679
China,2020-04-10,82941,3340,1810,77791
China,2020-04-11,83014,3343,1794,77877
China,2020-04-12,83134,3343,1835,77956
China,2020-04-13,83213,3345,1829,78039
China,2020-04-14,83306,3345,1761,78200
China,2020-04-15,83356,3346,1699,78311
China,2020-04-16,83403,3346,1656,78401
China,2020-04-17,83760,4636,1572,77552
China,2020-04-18,83787,4636,1537,77614
China,2020-04-19,83805,4636,1479,77690
China,2020-04-20,83817,4636,1436,77745
China,2020-04-21,83853,4636,1418,77799
China,2020-04-22,83868,4636,1371,77861
China,2020-04-23,83884,4636,1265,77983
China,2020-04-24,83899,4636,1154,78109
China,2020-04-25,83909,4636,1098,78175
China,2020-04-26,83912,4637,998,78277
China,2020-04-27,83918,4637,907,78374
China,2020-04-28,83940,4637,881,78422
China,2020-04-29,83944,4637,833,78474
China,2020-04-30,83956,4637,796,78523
China,2020-05-01,83959,4637,749,78573
China,2020-05-02,83959,4637,736,78586
China,2020-05-03,83964,4637,643,78684
China,2020-05-04,83966,4637,537,78792
China,2020-05-05,83968,4637,461,78870
China,2020-05-06,83970,4637,404,78929
China,2020-05-07,83975,4637,361,78977
China,2020-05-08,83976,4637,346,78993
China,2020-05-09,83990,4637,226,79127
China,2020-05-10,84010,4637,206,79167
China,2020-05-11,84011,4637,176,79198
China,2020-05-12,84018,4637,159,79222
China,2020-05-13,84024,4637,141,79246
China,2020-05-14,84029,4637,131,79261
China,2020-05-15,84038,4637,120,79281
China,2020-05-16,84044,4638,113,79293
China,2020-05-17,84054,4638,110,79306
China,2020-05-18,84063,4638,115,79310
China,2020-05-19,84063,4638,115,79310
China,2020-05-20,84063,4638,115,79310
China,2020-05-21,84063,4638,115,79310
China,2020-05-22,84081,4638,111,79332
China,2020-05-23,84084,4638,111,79335
China,2020-05-24,84095,4638,114,79343
China,2020-05-25,84102,4638,112,79352
China,2020-05-26,84103,4638,107,79358
China,2020-05-27,84106,4638,101,79367
China,2020-05-28,84106,4638,97,79371
China,2020-05-29,84123,4638,103,79382
China,2020-05-30,84128,4638,104,79386
China,2020-05-31,84146,4638,119,79389
China,2020-06-01,84154,4638,118,79398
China,2020-06-02,84161,4638,123,79400
China,2020-06-03,84160,4638,118,79404
China,2020-06-04,84171,4638,118,79415
China,2020-06-05,84177,4638,119,79420
China,2020-06-06,84186,4638,124,79424
China,2020-06-07,84191,4638,119,79434
China,2020-06-08,84195,4638,113,79444
China,2020-06-09,84198,4638,109,79451
China,2020-06-10,84209,4638,115,79456
China,2020-06-11,84216,4638,114,79464
China,2020-06-12,84228,4638,118,79472
China,2020-06-13,84286,4638,173,79475
China,2020-06-14,84335,4638,215,79482
China,2020-06-15,84378,4638,251,79489
China,2020-06-16,84422,4638,291,79493
China,2020-06-17,84458,4638,310,79510
China,2020-06-18,84494,4638,341,79515
China,2020-06-19,84494,4638,341,79515
China,2020-06-20,84553,4639,380,79534
China,2020-06-21,84572,4639,398,79535
China,2020-06-22,84624,4639,438,79547
China,2020-06-23,84653,4640,458,79555
China,2020-06-24,84673,4640,471,79562
China,2020-06-25,84701,4641,488,79572
China,2020-06-26,84725,4641,504,79580
China,2020-06-27,84743,4641,511,79591
China,2020-06-28,84757,4641,507,79609
China,2020-06-29,84780,4641,520,79619
China,2020-06-30,84785,4641,512,79632
China,2020-07-01,84816,4641,525,79650
China,2020-07-02,84830,4641,524,79665
China,2020-07-03,84838,4641,517,79680
China,2020-07-04,84857,4641,510,79706
China,2020-07-05,84871,4641,512,79718
China,2020-07-06,84889,4641,523,79725
China,2020-07-07,84917,4641,522,79754
China,2020-07-08,84950,4641,507,79802
China,2020-07-09,84992,4641,549,79802
China,2020-07-10,84992,4641,549,79802
China,2020-07-11,85071,4641,554,79876
China,2020-07-12,85117,4641,569,79907
Denmark,2020-01-22,0,0,0,0
Denmark,2020-01-23,0,0,0,0
Denmark,2020-01-24,0,0,0,0
Denmark,2020-01-25,0,0,0,0
Denmark,2020-01-26,0,0,0,0
Denmark,2020-01-27,0,0,0,0
Denmark,2020-01-28,0,0,0,0
Denmark,2020-01-29,0,0,0,0
Denmark,2020-01-30,0,0,0,0
Denmark,2020-01-31,0,0,0,0
Denmark,2020-02-01,0,0,0,0
Denmark,2020-02-02,0,0,0,0
Denmark,2020-02-03,0,0,0,0
Denmark,2020-02-04,0,0,0,0
Denmark,2020-02-05,0,0,0,0
Denmark,2020-02-06,0,0,0,0
Denmark,2020-02-07,0,0,0,0
Denmark,2020-02-08,0,0,0,0
Denmark,2020-02-09,0,0,0,0
Denmark,2020-02-10,0,0,0,0
Denmark,2020-02-11,0,0,0,0
Denmark,2020-02-12,0,0,0,0
Denmark,2020-02-13,0,0,0,0
Denmark,2020-02-14,0,0,0,0
Denmark,2020-02-15,0,0,0,0
Denmark,2020-02-16,0,0,0,0
Denmark,2020-02-17,0,0,0,0
Denmark,2020-02-18,0,0,0,0
Denmark,2020-02-19,0,0,0,0
Denmark,2020-02-20,0,0,0,0
Denmark,2020-02-21,0,0,0,0
Denmark,2020-02-22,0,0,0,0
Denmark,2020-02-23,0,0,0,0
Denmark,2020-02-24,0,0,0,0
Denmark,2020-02-25,0,0,0,0
Denmark,2020-02-26,0,0,0,0
Denmark,2020-02-27,0,0,0,0
Denmark,2020-02-28,0,0,0,0
Denmark,2020-02-29,0,0,0,0
Denmark,2020-03-01,0,0,0,0
Denmark,2020-03-02,0,0,0,0
Denmark,2020-03-03,0,0,0,0
Denmark,2020-03-04,1,0,1,0
Denmark,2020-03-05,1,0,1,0
Denmark,2020-03-06,1,0,1,0
Denmark,2020-03-07,1,0,1,0
Denmark,2020-03-08,2,0,2,0
Denmark,2020-03-09,2,0,2,0
Denmark,2020-03-10,2,0,2,0
Denmark,2020-03-11,2,0,2,0
Denmark,2020-03-12,2,0,2,0
Denmark,2020-03-13,3,0,3,0
Denmark,2020-03-14,9,0,9,0
Denmark,2020-03-15,11,0,11,0
Denmark,2020-03-16,19,0,19,0
Denmark,2020-03-17,48,0,48,0
Denmark,2020-03-18,59,0,59,0
Denmark,2020-03-19,74,0,74,0
Denmark,2020-03-20,82,0,82,0
Denmark,2020-03-21,94,0,94,0
Denmark,2020-03-22,119,0,119,0
Denmark,2020-03-23,122,0,122,0
Denmark,2020-03-24,127,0,92,35
Denmark,2020-03-25,138,0,98,40
Denmark,2020-03-26,146,0,97,49
Denmark,2020-03-27,154,0,98,56
Denmark,2020-03-28,165,0,109,56
Denmark,2020-03-29,169,0,97,72
Denmark,2020-03-30,178,0,106,72
Denmark,2020-03-31,179,0,103,76
Denmark,2020-04-01,183,0,106,77
Denmark,2020-04-02,187,0,104,83
Denmark,2020-04-03,189,0,95,94
Denmark,2020-04-04,192,0,96,96
Denmark,2020-04-05,192,0,90,102
Denmark,2020-04-06,194,0,83,111
Denmark,2020-04-07,195,0,65,130
Denmark,2020-04-08,195,0,53,142
Denmark,2020-04-09,195,0,48,147
Denmark,2020-04-10,195,0,39,156
Denmark,2020-04-11,195,0,39,156
Denmark,2020-04-12,195,0,27,168
Denmark,2020-04-13,195,0,27,168
Denmark,2020-04-14,195,0,21,174
Denmark,2020-04-15,195,0,18,177
Denmark,2020-04-16,195,0,15,180
Denmark,2020-04-17,195,0,13,182
Denmark,2020-04-18,195,0,11,184
Denmark,2020-04-19,196,0,9,187
Denmark,2020-04-20,196,0,9,187
Denmark,2020-04-21,196,0,7,189
Denmark,2020-04-22,196,0,7,189
Denmark,2020-04-23,198,0,9,189
Denmark,2020-04-24,198,0,9,189
Denmark,2020-04-25,198,0,9,189
Denmark,2020-04-26,198,0,9,189
Denmark,2020-04-27,198,0,9,189
Denmark,2020-04-28,198,0,6,192
Denmark,2020-04-29,198,0,6,192
Denmark,2020-04-30,198,0,3,195
Denmark,2020-05-01,198,0,3,195
Denmark,2020-05-02,198,0,3,195
Denmark,2020-05-03,198,0,2,196
Denmark,2020-05-04,198,0,2,196
Denmark,2020-05-05,198,0,2,196
Denmark,2020-05-06,198,0,2,196
Denmark,2020-05-07,198,0,2,196
Denmark,2020-05-08,198,0,0,198
Denmark,2020-05-09,198,0,0,198
Denmark,2020-05-10,198,0,0,198
Denmark,2020-05-11,198,0,0,198
Denmark,2020-05-12,198,0,0,198
Denmark,2020-05-13,198,0,0,198
Denmark,2020-05-14,198,0,0,198
Denmark,2020-05-15,198,0,0,198
Denmark,2020-05-16,198,0,0,198
Denmark,2020-05-17,198,0,0,198
Denmark,2020-05-18,198,0,0,198
Denmark,2020-05-19,198,0,0,198
Denmark,2020-05-20,198,0,0,198
Denmark,2020-05-21,198,0,0,198
Denmark,2020-05-22,198,0,0,198
Denmark,2020-05-23,198,0,0,198
Denmark,2020-05-24,199,0,1,198
Denmark,2020-05-25,199,0,1,198
Denmark,2020-05-26,199,0,1,198
Denmark,2020-05-27,200,0,2,198
Denmark,2020-05-28,200,0,2,198
Denmark,2020-05-29,200,0,2,198
Denmark,2020-05-30,200,0,2,198
Denmark,2020-05-31,200,0,2,198
Denmark,2020-06-01,200,0,2,198
Denmark,2020-06-02,200,0,2,198
Denmark,2020-06-03,200,0,2,198
Denmark,2020-06-04,200,0,0,200
Denmark,2020-06-05,200,0,0,200
Denmark,2020-06-06,200,0,0,200
Denmark,2020-06-07,200,0,0,200
Denmark,2020-06-08,200,0,0,200
Denmark,2020-06-09,200,0,0,200
Denmark,2020-06-10,200,0,0,200
Denmark,2020-06-11,200,0,0,200
Denmark,2020-06-12,200,0,0,200
Denmark,2020-06-13,200,0,0,200
Denmark,2020-06-14,200,0,0,200
Denmark,2020-06-15,200,0,0,200
Denmark,2020-06-16,200,0,0,200
Denmark,2020-06-17,200,0,0,200
Denmark,2020-06-18,200,0,0,200
Denmark,2020-06-19,200,0,0,200
Denmark,2020-06-20,200,0,0,200
Denmark,2020-06-21,200,0,0,200
Denmark,2020-06-22,200,0,0,200
Denmark,2020-06-23,200,0,0,200
Denmark,2020-06-24,200,0,0,200
Denmark,2020-06-25,200,0,0,200
Denmark,2020-06-26,200,0,0,200
Denmark,2020-06-27,200,0,0,200
Denmark,2020-06-28,200,0,0,200
Denmark,2020-06-29,200,0,0,200
Denmark,2020-06-30,200,0,0,200
Denmark,2020-07-01,200,0,0,200
Denmark,2020-07-02,200,0,0,200
Denmark,2020-07-03,200,0,0,200
Denmark,2020-07-04,200,0,0,200
Denmark,2020-07-05,201,0,1,200
Denmark,2020-07-06,201,0,1,200
Denmark,2020-07-07,201,0,0,201
Denmark,2020-07-08,201,0,0,201
Denmark,2020-07-09,201,0,0,201
Denmark,2020-07-10,201,0,0,201
Denmark,2020-07-11,201,0,0,201
Denmark,2020-07-12,201,0,0,201
France,2020-01-22,0,0,0,0
France,2020-01-23,0,0,0,0
France,2020-01-24,0,0,0,0
France,2020-01-25,0,0,0,0
France,2020-01-26,0,0,0,0
France,2020-01-27,0,0,0,0
France,2020-01-28,0,0,0,0
France,2020-01-29,0,0,0,0
France,2020-01-30,0,0,0,0
France,2020-01-31,0,0,0,0
France,2020-02-01,0,0,0,0
France,2020-02-02,0,0,0,0
France,2020-02-03,0,0,0,0
France,2020-02-04,0,0,0,0
France,2020-02-05,0,0,0,0
France,2020-02-06,0,0,0,0
France,2020-02-07,0,0,0,0
France,2020-02-08,0,0,0,0
France,2020-02-09,0,0,0,0
France,2020-02-10,0,0,0,0
France,2020-02-11,0,0,0,0
France,2020-02-12,0,0,0,0
France,2020-02-13,0,0,0,0
France,2020-02-14,0,0,0,0
France,2020-02-15,0,0,0,0
France,2020-02-16,0,0,0,0
France,2020-02-17,0,0,0,0
France,2020-02-18,0,0,0,0
France,2020-02-19,0,0,0,0
France,2020-02-20,0,0,0,0
France,2020-02-21,0,0,0,0
France,2020-02-22,0,0,0,0
France,2020-02-23,0,0,0,0
France,2020-02-24,0,0,0,0
France,2020-02-25,0,0,0,0
France,2020-02-26,0,0,0,0
France,2020-02-27,0,0,0,0
France,2020-02-28,0,0,0,0
France,2020-02-29,0,0,0,0
France,2020-03-01,0,0,0,0
France,2020-03-02,0,0,0,0
France,2020-03-03,0,0,0,0
France,2020-03-04,3,0,3,0
France,2020-03-05,3,0,3,0
France,2020-03-06,3,0,3,0
France,2020-03-07,10,0,10,0
France,2020-03-08,10,0,10,0
France,2020-03-09,10,0,10,0
France,2020-03-10,10,0,10,0
France,2020-03-11,12,0,12,0
France,2020-03-12,12,0,12,0
France,2020-03-13,20,0,20,0
France,2020-03-14,27,0,27,0
France,2020-03-15,33,0,33,0
France,2020-03-16,50,1,49,0
France,2020-03-17,63,1,62,0
France,2020-03-18,81,1,80,0
France,2020-03-19,99,1,98,0
France,2020-03-20,146,1,145,0
France,2020-03-21,181,1,180,0
France,2020-03-22,225,2,217,6
France,2020-03-23,267,2,259,6
France,2020-03-24,318,2,309,7
France,2020-03-25,367,2,358,7
France,2020-03-26,396,2,387,7
France,2020-03-27,438,2,429,7
France,2020-03-28,530,3,503,24
France,2020-03-29,534,5,505,24
France,2020-03-30,620,6,577,37
France,2020-03-31,699,9,621,69
France,2020-04-01,760,11,630,119
France,2020-04-02,824,11,693,120
France,2020-04-03,864,13,724,127
France,2020-04-04,895,14,747,134
France,2020-04-05,934,15,753,166
France,2020-04-06,953,15,760,178
France,2020-04-07,996,15,795,186
France,2020-04-08,1009,18,793,198
France,2020-04-09,1032,18,807,207
France,2020-04-10,1062,18,781,263
France,2020-04-11,1073,19,782,272
France,2020-04-12,1079,19,777,283
France,2020-04-13,1096,19,794,283
France,2020-04-14,1108,19,796,293
France,2020-04-15,1112,21,576,515
France,2020-04-16,1131,21,595,515
France,2020-04-17,1161,22,553,586
France,2020-04-18,1180,22,554,604
France,2020-04-19,1203,26,572,605
France,2020-04-20,1205,27,551,627
France,2020-04-21,1247,33,576,638
France,2020-04-22,1265,33,563,669
France,2020-04-23,1277,33,570,674
France,2020-04-24,1316,34,504,778
France,2020-04-25,1352,34,540,778
France,2020-04-26,1373,34,561,778
France,2020-04-27,1374,34,560,780
France,2020-04-28,1448,34,525,889
France,2020-04-29,1450,34,526,890
France,2020-04-30,1535,34,597,904
France,2020-05-01,1541,34,595,912
France,2020-05-02,1542,34,596,912
France,2020-05-03,1653,36,705,912
France,2020-05-04,1697,36,623,1038
France,2020-05-05,1752,39,674,1039
France,2020-05-06,1759,40,662,1057
France,2020-05-07,1878,41,722,1115
France,2020-05-08,1884,41,721,1122
France,2020-05-09,2024,42,720,1262
France,2020-05-10,2067,42,760,1265
France,2020-05-11,2068,42,760,1266
France,2020-05-12,2142,43,818,1281
France,2020-05-13,2203,45,740,1418
France,2020-05-14,2282,47,816,1419
France,2020-05-15,2311,47,845,1419
France,2020-05-16,2423,49,954,1420
France,2020-05-17,2453,49,984,1420
France,2020-05-18,2497,49,1021,1427
France,2020-05-19,2505,49,1024,1432
France,2020-05-20,2631,51,821,1759
France,2020-05-21,2645,51,834,1760
France,2020-05-22,2709,51,888,1770
France,2020-05-23,2730,51,907,1772
France,2020-05-24,2850,53,1023,1774
France,2020-05-25,2901,53,1073,1775
France,2020-05-26,2960,53,1132,1775
France,2020-05-27,2994,53,742,2199
France,2020-05-28,3055,54,790,2211
France,2020-05-29,3107,54,731,2322
France,2020-05-30,3136,54,747,2335
France,2020-05-31,3158,54,754,2350
France,2020-06-01,3396,57,901,2438
France,2020-06-02,3470,57,968,2445
France,2020-06-03,3494,57,895,2542
France,2020-06-04,3583,58,941,2584
France,2020-06-05,3642,58,969,2615
France,2020-06-06,3692,58,992,2642
France,2020-06-07,3742,58,1006,2678
France,2020-06-08,3855,59,933,2863
France,2020-06-09,3924,62,972,2890
France,2020-06-10,4072,62,1090,2920
France,2020-06-11,4139,62,1152,2925
France,2020-06-12,4302,62,1123,3117
France,2020-06-13,4435,62,1225,3148
France,2020-06-14,4551,64,1325,3162
France,2020-06-15,4635,64,1122,3449
France,2020-06-16,4752,66,1170,3516
France,2020-06-17,4899,66,1265,3568
France,2020-06-18,5165,66,1410,3689
France,2020-06-19,5407,66,1596,3745
France,2020-06-20,5612,68,1749,3795
France,2020-06-21,5891,69,1987,3835
France,2020-06-22,5939,71,1869,3999
France,2020-06-23,6074,71,1960,4043
France,2020-06-24,6342,73,2156,4113
France,2020-06-25,6597,75,2369,4153
France,2020-06-26,6849,76,2550,4223
France,2020-06-27,7043,77,2648,4318
France,2020-06-28,7047,77,2651,4319
France,2020-06-29,7413,80,2804,4529
France,2020-06-30,7690,83,2922,4685
France,2020-07-01,7996,84,3117,4795
France,2020-07-02,8182,84,3225,4873
France,2020-07-03,8318,84,3230,5004
France,2020-07-04,8676,84,3499,5093
France,2020-07-05,8687,83,3511,5093
France,2020-07-06,8849,87,3551,5211
France,2020-07-07,8983,89,3477,5417
France,2020-07-08,9276,90,3539,5647
France,2020-07-09,9392,93,3412,5887
France,2020-07-10,9565,95,3353,6117
France,2020-07-11,9816,98,3405,6313
France,2020-07-12,9832,98,3421,6313
Netherlands,2020-01-22,0,0,0,0
Netherlands,2020-01-23,0,0,0,0
Netherlands,2020-01-24,0,0,0,0
Netherlands,2020-01-25,0,0,0,0
Netherlands,2020-01-26,0,0,0,0
Netherlands,2020-01-27,0,0,0,0
Netherlands,2020-01-28,0,0,0,0
Netherlands,2020-01-29,0,0,0,0
Netherlands,2020-01-30,0,0,0,0
Netherlands,2020-01-31,0,0,0,0
Netherlands,2020-02-01,0,0,0,0
Netherlands,2020-02-02,0,0,0,0
Netherlands,2020-02-03,0,0,0,0
Netherlands,2020-02-04,0,0,0,0
Netherlands,2020-02-05,0,0,0,0
Netherlands,2020-02-06,0,0,0,0
Netherlands,2020-02-07,0,0,0,0
Netherlands,2020-02-08,0,0,0,0
Netherlands,2020-02-09,0,0,0,0
Netherlands,2020-02-10,0,0,0,0
Netherlands,2020-02-11,0,0,0,0
Netherlands,2020-02-12,0,0,0,0
Netherlands,2020-02-13,0,0,0,0
Netherlands,2020-02-14,0,0,0,0
Netherlands,2020-02-15,0,0,0,0
Netherlands,2020-02-16,0,0,0,0
Netherlands,2020-02-17,0,0,0,0
Netherlands,2020-02-18,0,0,0,0
Netherlands,2020-02-19,0,0,0,0
Netherlands,2020-02-20,0,0,0,0
Netherlands,2020-02-21,0,0,0,0
Netherlands,2020-02-22,0,0,0,0
Netherlands,2020-02-23,0,0,0,0
Netherlands,2020-02-24,0,0,0,0
Netherlands,2020-02-25,0,0,0,0
Netherlands,2020-02-26,0,0,0,0
Netherlands,2020-02-27,0,0,0,0
Netherlands,2020-02-28,0,0,0,0
Netherlands,2020-02-29,0,0,0,0
Netherlands,2020-03-01,0,0,0,0
Netherlands,2020-03-02,0,0,0,0
Netherlands,2020-03-03,0,0,0,0
Netherlands,2020-03-04,0,0,0,0
Netherlands,2020-03-05,0,0,0,0
Netherlands,2020-03-06,0,0,0,0
Netherlands,2020-03-07,0,0,0,0
Netherlands,2020-03-08,0,0,0,0
Netherlands,2020-03-09,0,0,0,0
Netherlands,2020-03-10,0,0,0,0
Netherlands,2020-03-11,0,0,0,0
Netherlands,2020-03-12,0,0,0,0
Netherlands,2020-03-13,2,0,2,0
Netherlands,2020-03-14,3,0,3,0
Netherlands,2020-03-15,3,0,3,0
Netherlands,2020-03-16,3,0,3,0
Netherlands,2020-03-17,6,0,6,0
Netherlands,2020-03-18,7,0,7,0
Netherlands,2020-03-19,7,1,6,0
Netherlands,2020-03-20,9,1,8,0
Netherlands,2020-03-21,9,1,8,0
Netherlands,2020-03-22,13,1,12,0
Netherlands,2020-03-23,15,1,14,0
Netherlands,2020-03-24,20,1,18,1
Netherlands,2020-03-25,26,1,24,1
Netherlands,2020-03-26,37,1,33,3
Netherlands,2020-03-27,44,1,40,3
Netherlands,2020-03-28,57,1,53,3
Netherlands,2020-03-29,64,1,60,3
Netherlands,2020-03-30,67,1,63,3
Netherlands,2020-03-31,72,1,68,3
Netherlands,2020-04-01,82,2,70,10
Netherlands,2020-04-02,91,2,79,10
Netherlands,2020-04-03,98,3,85,10
Netherlands,2020-04-04,100,5,83,12
Netherlands,2020-04-05,102,5,90,7
Netherlands,2020-04-06,123,7,108,8
Netherlands,2020-04-07,129,7,100,22
Netherlands,2020-04-08,133,7,104,22
Netherlands,2020-04-09,141,7,106,28
Netherlands,2020-04-10,152,9,106,37
Netherlands,2020-04-11,158,10,107,41
Netherlands,2020-04-12,159,10,104,45
Netherlands,2020-04-13,159,10,104,45
Netherlands,2020-04-14,161,10,104,47
Netherlands,2020-04-15,163,11,98,54
Netherlands,2020-04-16,169,12,96,61
Netherlands,2020-04-17,170,12,93,65
Netherlands,2020-04-18,177,12,98,67
Netherlands,2020-04-19,183,13,98,72
Netherlands,2020-04-20,183,13,98,72
Netherlands,2020-04-21,183,13,96,74
Netherlands,2020-04-22,190,14,75,101
Netherlands,2020-04-23,192,15,76,101
Netherlands,2020-04-24,194,15,77,102
Netherlands,2020-04-25,194,15,77,102
Netherlands,2020-04-26,195,16,62,117
Netherlands,2020-04-27,195,16,62,117
Netherlands,2020-04-28,196,16,63,117
Netherlands,2020-04-29,196,16,61,119
Netherlands,2020-04-30,196,16,55,125
Netherlands,2020-05-01,198,16,44,138
Netherlands,2020-05-02,198,16,44,138
Netherlands,2020-05-03,198,16,44,138
Netherlands,2020-05-04,198,16,44,138
Netherlands,2020-05-05,199,17,43,139
Netherlands,2020-05-06,199,17,36,146
Netherlands,2020-05-07,199,18,34,147
Netherlands,2020-05-08,199,18,34,147
Netherlands,2020-05-09,199,19,31,149
Netherlands,2020-05-10,199,19,31,149
Netherlands,2020-05-11,199,19,31,149
Netherlands,2020-05-12,199,19,31,149
Netherlands,2020-05-13,199,19,23,157
Netherlands,2020-05-14,199,19,21,159
Netherlands,2020-05-15,199,19,21,159
Netherlands,2020-05-16,200,19,14,167
Netherlands,2020-05-17,200,19,14,167
Netherlands,2020-05-18,200,19,14,167
Netherlands,2020-05-19,200,19,14,167
Netherlands,2020-05-20,200,19,12,169
Netherlands,2020-05-21,200,19,12,169
Netherlands,2020-05-22,200,19,7,174
Netherlands,2020-05-23,201,19,8,174
Netherlands,2020-05-24,201,19,8,174
Netherlands,2020-05-25,202,19,9,174
Netherlands,2020-05-26,202,19,9,174
Netherlands,2020-05-27,202,19,6,177
Netherlands,2020-05-28,202,19,5,178
Netherlands,2020-05-29,202,19,5,178
Netherlands,2020-05-30,203,19,6,178
Netherlands,2020-05-31,203,19,6,178
Netherlands,2020-06-01,204,19,6,179
Netherlands,2020-06-02,205,19,6,180
Netherlands,2020-06-03,206,19,7,180
Netherlands,2020-06-04,206,19,7,180
Netherlands,2020-06-05,206,19,6,181
Netherlands,2020-06-06,206,19,6,181
Netherlands,2020-06-07,206,19,6,181
Netherlands,2020-06-08,206,19,6,181
Netherlands,2020-06-09,206,19,6,181
Netherlands,2020-06-10,207,19,7,181
Netherlands,2020-06-11,207,19,7,181
Netherlands,2020-06-12,207,19,7,181
Netherlands,2020-06-13,207,19,7,181
Netherlands,2020-06-14,207,19,7,181
Netherlands,2020-06-15,207,19,2,186
Netherlands,2020-06-16,208,19,3,186
Netherlands,2020-06-17,208,19,3,186
Netherlands,2020-06-18,208,19,3,186
Netherlands,2020-06-19,208,19,3,186
Netherlands,2020-06-20,208,19,3,186
Netherlands,2020-06-21,208,19,3,186
Netherlands,2020-06-22,208,19,3,186
Netherlands,2020-06-23,208,19,3,186
Netherlands,2020-06-24,208,19,3,186
Netherlands,2020-06-25,208,19,3,186
Netherlands,2020-06-26,208,19,3,186
Netherlands,2020-06-27,208,19,3,186
Netherlands,2020-06-28,208,19,3,186
Netherlands,2020-06-29,210,19,5,186
Netherlands,2020-06-30,210,19,5,186
Netherlands,2020-07-01,210,19,5,186
Netherlands,2020-07-02,211,19,6,186
Netherlands,2020-07-03,211,19,6,186
Netherlands,2020-07-04,213,19,7,187
Netherlands,2020-07-05,213,19,7,187
Netherlands,2020-07-06,213,19,7,187
Netherlands,2020-07-07,213,19,7,187
Netherlands,2020-07-08,213,19,7,187
Netherlands,2020-07-09,215,19,4,192
Netherlands,2020-07-10,215,19,4,192
Netherlands,2020-07-11,215,19,3,193
Netherlands,2020-07-12,215,19,3,193
United Kingdom,2020-01-22,0,0,0,0
United Kingdom,2020-01-23,0,0,0,0
United Kingdom,2020-01-24,0,0,0,0
United Kingdom,2020-01-25,0,0,0,0
United Kingdom,2020-01-26,0,0,0,0
United Kingdom,2020-01-27,0,0,0,0
United Kingdom,2020-01-28,0,0,0,0
United Kingdom,2020-01-29,0,0,0,0
United Kingdom,2020-01-30,0,0,0,0
United Kingdom,2020-01-31,0,0,0,0
United Kingdom,2020-02-01,0,0,0,0
United Kingdom,2020-02-02,0,0,0,0
United Kingdom,2020-02-03,0,0,0,0
United Kingdom,2020-02-04,0,0,0,0
United Kingdom,2020-02-05,0,0,0,0
United Kingdom,2020-02-06,0,0,0,0
United Kingdom,2020-02-07,0,0,0,0
United Kingdom,2020-02-08,0,0,0,0
United Kingdom,2020-02-09,0,0,0,0
United Kingdom,2020-02-10,0,0,0,0
United Kingdom,2020-02-11,0,0,0,0
United Kingdom,2020-02-12,0,0,0,0
United Kingdom,2020-02-13,0,0,0,0
United Kingdom,2020-02-14,0,0,0,0
United Kingdom,2020-02-15,0,0,0,0
United Kingdom,2020-02-16,0,0,0,0
United Kingdom,2020-02-17,0,0,0,0
United Kingdom,2020-02-18,0,0,0,0
United Kingdom,2020-02-19,0,0,0,0
United Kingdom,2020-02-20,0,0,0,0
United Kingdom,2020-02-21,0,0,0,0
United Kingdom,2020-02-22,0,0,0,0
United Kingdom,2020-02-23,0,0,0,0
United Kingdom,2020-02-24,0,0,0,0
United Kingdom,2020-02-25,0,0,0,0
United Kingdom,2020-02-26,0,0,0,0
United Kingdom,2020-02-27,0,0,0,0
United Kingdom,2020-02-28,0,0,0,0
United Kingdom,2020-02-29,0,0,0,0
United Kingdom,2020-03-01,0,0,0,0
United Kingdom,2020-03-02,0,0,0,0
United Kingdom,2020-03-03,0,0,0,0
United Kingdom,2020-03-04,1,0,1,0
United Kingdom,2020-03-05,1,0,1,0
United Kingdom,2020-03-06,1,0,1,0
United Kingdom,2020-03-07,1,0,1,0
United Kingdom,2020-03-08,1,0,1,0
United Kingdom,2020-03-09,1,0,1,0
United Kingdom,2020-03-10,2,0,1,1
United Kingdom,2020-03-11,3,0,2,1
United Kingdom,2020-03-12,3,0,2,1
United Kingdom,2020-03-13,4,0,3,1
United Kingdom,2020-03-14,4,0,3,1
United Kingdom,2020-03-15,5,0,4,1
United Kingdom,2020-03-16,8,1,6,1
United Kingdom,2020-03-17,10,1,8,1
United Kingdom,2020-03-18,16,1,13,2
United Kingdom,2020-03-19,27,1,24,2
United Kingdom,2020-03-20,31,1,28,2
United Kingdom,2020-03-21,49,1,46,2
United Kingdom,2020-03-22,62,1,59,2
United Kingdom,2020-03-23,76,1,73,2
United Kingdom,2020-03-24,87,1,81,5
United Kingdom,2020-03-25,111,1,105,5
United Kingdom,2020-03-26,154,2,137,15
United Kingdom,2020-03-27,202,2,184,16
United Kingdom,2020-03-28,223,2,205,16
United Kingdom,2020-03-29,258,3,239,16
United Kingdom,2020-03-30,312,3,273,36
United Kingdom,2020-03-31,331,4,283,44
United Kingdom,2020-04-01,391,5,342,44
United Kingdom,2020-04-02,455,5,393,57
United Kingdom,2020-04-03,521,6,442,73
United Kingdom,2020-04-04,574,7,487,80
United Kingdom,2020-04-05,630,9,527,94
United Kingdom,2020-04-06,671,12,507,152
United Kingdom,2020-04-07,707,12,505,190
United Kingdom,2020-04-08,741,14,517,210
United Kingdom,2020-04-09,795,15,556,224
United Kingdom,2020-04-10,847,16,587,244
United Kingdom,2020-04-11,883,17,588,278
United Kingdom,2020-04-12,927,17,628,282
United Kingdom,2020-04-13,949,18,627,304
United Kingdom,2020-04-14,972,22,627,323
United Kingdom,2020-04-15,1007,26,613,368
United Kingdom,2020-04-16,1052,30,647,375
United Kingdom,2020-04-17,1077,31,652,394
United Kingdom,2020-04-18,1097,34,649,414
United Kingdom,2020-04-19,1105,35,634,436
United Kingdom,2020-04-20,1113,41,626,446
United Kingdom,2020-04-21,1128,41,449,638
United Kingdom,2020-04-22,1143,51,409,683
United Kingdom,2020-04-23,1168,53,403,712
United Kingdom,2020-04-24,1176,61,391,724
United Kingdom,2020-04-25,1192,62,356,774
United Kingdom,2020-04-26,1197,62,357,778
United Kingdom,2020-04-27,1199,65,327,807
United Kingdom,2020-04-28,1205,67,325,813
United Kingdom,2020-04-29,1220,69,294,857
United Kingdom,2020-04-30,1228,71,298,859
United Kingdom,2020-05-01,1231,73,266,892
United Kingdom,2020-05-02,1240,74,270,896
United Kingdom,2020-05-03,1243,74,268,901
United Kingdom,2020-05-04,1248,75,263,910
United Kingdom,2020-05-05,1253,74,253,926
United Kingdom,2020-05-06,1258,74,250,934
United Kingdom,2020-05-07,1262,74,218,970
United Kingdom,2020-05-08,1265,75,193,997
United Kingdom,2020-05-09,1265,75,189,1001
United Kingdom,2020-05-10,1266,75,189,1002
United Kingdom,2020-05-11,1272,76,181,1015
United Kingdom,2020-05-12,1278,77,178,1023
United Kingdom,2020-05-13,1280,78,170,1032
United Kingdom,2020-05-14,1289,79,167,1043
United Kingdom,2020-05-15,1293,80,166,1047
United Kingdom,2020-05-16,1300,80,162,1058
United Kingdom,2020-05-17,1300,80,162,1058
United Kingdom,2020-05-18,1303,80,133,1090
United Kingdom,2020-05-19,1320,81,140,1099
United Kingdom,2020-05-20,1326,82,128,1116
United Kingdom,2020-05-21,1338,82,122,1134
United Kingdom,2020-05-22,1349,82,125,1142
United Kingdom,2020-05-23,1350,82,119,1149
United Kingdom,2020-05-24,1357,82,124,1151
United Kingdom,2020-05-25,1363,82,120,1161
United Kingdom,2020-05-26,1372,82,129,1161
United Kingdom,2020-05-27,1379,82,131,1166
United Kingdom,2020-05-28,1381,82,132,1167
United Kingdom,2020-05-29,1385,82,131,1172
United Kingdom,2020-05-30,1393,82,124,1187
United Kingdom,2020-05-31,1394,82,122,1190
United Kingdom,2020-06-01,1404,82,101,1221
United Kingdom,2020-06-02,1407,83,100,1224
United Kingdom,2020-06-03,1414,83,119,1212
United Kingdom,2020-06-04,1418,83,116,1219
United Kingdom,2020-06-05,1423,83,112,1228
United Kingdom,2020-06-06,1426,83,113,1230
United Kingdom,2020-06-07,1427,83,105,1239
United Kingdom,2020-06-08,1435,83,97,1255
United Kingdom,2020-06-09,1441,85,99,1257
United Kingdom,2020-06-10,1445,85,91,1269
United Kingdom,2020-06-11,1451,85,88,1278
United Kingdom,2020-06-12,1452,85,85,1282
United Kingdom,2020-06-13,1453,85,85,1283
United Kingdom,2020-06-14,1453,85,85,1283
United Kingdom,2020-06-15,1458,85,89,1284
United Kingdom,2020-06-16,1464,85,86,1293
United Kingdom,2020-06-17,1466,85,77,1304
United Kingdom,2020-06-18,1466,85,68,1313
United Kingdom,2020-06-19,1470,85,66,1319
United Kingdom,2020-06-20,1470,85,66,1319
United Kingdom,2020-06-21,1472,85,68,1319
United Kingdom,2020-06-22,1472,84,66,1322
United Kingdom,2020-06-23,1472,84,58,1330
United Kingdom,2020-06-24,1475,84,46,1345
United Kingdom,2020-06-25,1475,84,30,1361
United Kingdom,2020-06-26,1476,84,29,1363
United Kingdom,2020-06-27,1477,84,29,1364
United Kingdom,2020-06-28,1489,84,41,1364
United Kingdom,2020-06-29,1505,84,53,1368
United Kingdom,2020-06-30,1506,85,51,1370
United Kingdom,2020-07-01,1509,85,52,1372
United Kingdom,2020-07-02,1511,85,53,1373
United Kingdom,2020-07-03,1511,85,51,1375
United Kingdom,2020-07-04,1512,85,52,1375
United Kingdom,2020-07-05,1515,85,55,1375
United Kingdom,2020-07-06,1522,85,62,1375
United Kingdom,2020-07-07,1525,85,65,1375
United Kingdom,2020-07-08,1532,85,69,1378
United Kingdom,2020-07-09,1533,85,70,1378
United Kingdom,2020-07-10,1545,85,82,1378
United Kingdom,2020-07-11,1551,85,88,1378
United Kingdom,2020-07-12,1551,85,88,1378
